index,participant,session,rt
2,200,silence,0.6898299633017317
5,201,silence,0.6910803402158004
8,202,silence,0.7060210196171229
11,203,silence,0.5611804646905512
14,204,silence,0.7133850281500012
17,301,silence,0.5560755142857358
20,302,silence,0.6708499333332535
23,303,silence,0.6554002540521922
26,304,silence,0.49484318485007284
29,305,silence,0.6158197281238245
32,306,silence,0.5920461361112959
35,307,silence,0.5187785647071638
38,364109,silence,0.46495010571425804
